Title,Date
"Fratura","14/10/2019"
"O Cobrador de Dívidas","13/10/2019"
"Implacável","08/10/2019"
"Aniquilação","06/10/2019"
"O Protetor","06/10/2019"
"AlphaGo","06/10/2019"
"Shaft","05/10/2019"
"Campo do Medo","04/10/2019"
"Sombra Lunar","29/09/2019"
"Fragmentado","23/09/2019"
"Jackass 2 - O Filme","22/09/2019"
"Inferno","21/09/2019"
"Uma saída de mestre","20/09/2019"
"Wu Assassins: Temporada 1: Juventude desperdiçada","19/09/2019"
"Wu Assassins: Temporada 1: Pedido errado","19/09/2019"
"Crush à Altura","14/09/2019"
"Hannibal","10/09/2019"
"A Grande Muralha","09/09/2019"
"Quatro irmãos","08/09/2019"
"Kardec","07/09/2019"
"A Vigilante do Amanhã: Ghost in the Shell","07/09/2019"
"30 Minutos ou Menos","05/09/2019"
"Mar em Fúria","05/09/2019"
"MINDHUNTER: Temporada 1: Episódio 2","31/08/2019"
"MINDHUNTER: Temporada 1: Episódio 1","31/08/2019"
"Hyperdrive: Temporada 1: Classificatória 3: Entra o assassino","24/08/2019"
"Hyperdrive: Temporada 1: Classificatória 2: Jogando os dados","24/08/2019"
"Hyperdrive: Temporada 1: Classificatória 1: Prontos para a largada","24/08/2019"
"Impacto Profundo","23/08/2019"
"O Dilema","23/08/2019"
"O Contador","22/08/2019"
"Animais Noturnos","20/08/2019"
"Seis Vezes Confusão","19/08/2019"
"One Strange Rock: Temporada 1: Tempestade","18/08/2019"
"One Strange Rock: Temporada 1: Suspiro","17/08/2019"
"O Regresso","15/08/2019"
"O Homem de Aço","11/08/2019"
"O Filho Protegido","09/08/2019"
"Capitão América: Guerra Civil","08/08/2019"
"Falcons em Jogo","04/08/2019"
"Missão no Mar Vermelho","03/08/2019"
"Marco Polo: Temporada 1: Os viajantes","30/07/2019"
"Império Romano: Calígula: O Imperador Louco: Herdeiro por direito","30/07/2019"
"Os caminhos do Senhor: Temporada 1: Episódio 1","30/07/2019"
"Snowden - Herói ou Traidor","30/07/2019"
"Privacidade Hackeada","28/07/2019"
"Quebrando a banca","27/07/2019"
"One-Punch Man: Temporada 1: O cientista obstinado","26/07/2019"
"One-Punch Man: Temporada 1: O ciborgue solitário","26/07/2019"
"One-Punch Man: Temporada 1: O homem mais poderoso","26/07/2019"
"La casa de papel: Parte 1: Episódio 1","26/07/2019"
"The Worthy","21/07/2019"
"No Fim do Túnel","21/07/2019"
"Ponto Final - Match Point","21/07/2019"
"La casa de papel: Parte 3: À deriva","20/07/2019"
"La casa de papel: Parte 3: Férias curtas","20/07/2019"
"La casa de papel: Parte 3: Tudo parecia insignificante","20/07/2019"
"La casa de papel: Parte 3: Bum, bum, ciao","20/07/2019"
"La casa de papel: Parte 3: Hora do golfinho","20/07/2019"
"La casa de papel: Parte 3: 48 metros de profundidade","20/07/2019"
"La casa de papel: Parte 3: Aikido","20/07/2019"
"La casa de papel: Parte 3: Estamos de volta","20/07/2019"
"Terra Violenta","20/07/2019"
"Lucifer: Temporada 2: Partes íntimas","20/07/2019"
"Lucifer: Temporada 2: Engolidor de pecados","20/07/2019"
"Lucifer: Temporada 2: Mentira cabeluda","20/07/2019"
"4L","17/07/2019"
"Sequestrando Stella","17/07/2019"
"Stranger Things: Stranger Things 3: Capítulo oito: A batalha de Starcourt","16/07/2019"
"Stranger Things: Stranger Things 3: Capítulo sete: A mordida","15/07/2019"
"Stranger Things: Stranger Things 3: Capítulo seis: E pluribus unum","15/07/2019"
"Seven - Os sete crimes capitais","14/07/2019"
"Durante a Tormenta","14/07/2019"
"O Homem nas Trevas","13/07/2019"
"Stranger Things: Stranger Things 3: Capítulo cinco: Os devorados","12/07/2019"
"Stranger Things: Stranger Things 3: Capítulo quatro: A prova da sauna","12/07/2019"
"À Queima-Roupa","12/07/2019"
"Stranger Things: Stranger Things 3: Capítulo três: A salva-vidas desaparecida","12/07/2019"
"Stranger Things: Stranger Things 3: Capítulo dois: O caso dos ratos","12/07/2019"
"Sherlock: Temporada 4: O problema final","10/07/2019"
"Sherlock: Temporada 4: O detetive mentiroso","10/07/2019"
"Sherlock: Temporada 4: As seis Thatchers","10/07/2019"
"Lucifer: Temporada 2: Direto do Inferno","09/07/2019"
"Stranger Things: Stranger Things 3: Capítulo um: Está me ouvindo, Suzie?","09/07/2019"
"Stranger Things: Stranger Things 2: Capítulo nove: O portal","08/07/2019"
"Stranger Things: Stranger Things 2: Capítulo oito: O Devorador de Mentes","08/07/2019"
"Stranger Things: Stranger Things 2: Capítulo sete: A irmã perdida","08/07/2019"
"Pluto Nash","08/07/2019"
"Van Helsing - o Caçador de Monstros","08/07/2019"
"Stranger Things: Stranger Things 2: Capítulo seis: O espião","08/07/2019"
"Stranger Things: Stranger Things 2: Capítulo cinco: Dig Dug","08/07/2019"
"Stranger Things: Capítulo oito: De ponta-cabeça","08/07/2019"
"Stranger Things: Stranger Things 2: Capítulo quatro: Will, o sábio","07/07/2019"
"Stranger Things: Stranger Things 2: Capítulo três: O girino","07/07/2019"
"Stranger Things: Stranger Things 2: Capítulo dois: Gostosura ou travessura, aberração","07/07/2019"
"Os Croods","07/07/2019"
"A Anatomia de Grey: Temporada 2: É impossível negar","07/07/2019"
"A Anatomia de Grey: Temporada 2: Perdendo o controle","07/07/2019"
"A Anatomia de Grey: Temporada 2: Chega de lágrimas","07/07/2019"
"Love, Death & Robots: Volume 1: PROTEÇÃO CONTRA ALIENÍGENAS","07/07/2019"
"Love, Death & Robots: Volume 1: A TESTEMUNHA","07/07/2019"
"Love, Death & Robots: Volume 1: OS TRÊS ROBÔS","07/07/2019"
"A Anatomia de Grey: Temporada 2: Sempre chove no final","07/07/2019"
"Love, Death & Robots: Volume 1: A VANTAGEM DE SONNIE","06/07/2019"
"A Anatomia de Grey: Temporada 1: Quem está interessado em quem?","06/07/2019"
"A Anatomia de Grey: Temporada 1: Um pedido de ajuda","06/07/2019"
"A Anatomia de Grey: Temporada 1: Botão de autodestruição","06/07/2019"
"Stranger Things: Stranger Things 2: Capítulo um: Mad Max","06/07/2019"
"A Anatomia de Grey: Temporada 1: O dia de amanhã","06/07/2019"
"A Anatomia de Grey: Temporada 1: É hora da verdade","06/07/2019"
"A Anatomia de Grey: Temporada 1: Terra de ninguém","06/07/2019"
"Sherlock: Temporada 3: A abominável noiva","06/07/2019"
"A Anatomia de Grey: Temporada 1: Ganhamos a batalha, perdemos a guerra","06/07/2019"
"A Anatomia de Grey: Temporada 1: O primeiro plantão é o mais difícil","06/07/2019"
"A Anatomia de Grey: Temporada 1: Longa noite, longo dia","06/07/2019"
"A Anatomia de Grey: Temporada 9: Lembre-se do tempo","06/07/2019"
"Ozark: Temporada 2: Gold Coast","05/07/2019"
"Ozark: Temporada 2: O texugo","05/07/2019"
"Alerta Lobo","05/07/2019"
"Sherlock: Temporada 3: Seu último juramento","05/07/2019"
"Sherlock: Temporada 3: O sinal dos três","05/07/2019"
"Sherlock: Temporada 3: O caixão vazio","05/07/2019"
"Roubando Vidas","04/07/2019"
"Sherlock: Temporada 2: A queda de Reichenbach","03/07/2019"
"Sherlock: Temporada 2: Os cães de Baskerville","03/07/2019"
"Sherlock: Temporada 2: Um escândalo em Belgrávia","03/07/2019"
"Sherlock: Temporada 1: O grande jogo","02/07/2019"
"Sherlock: Temporada 1: O banqueiro cego","02/07/2019"
"Sherlock: Temporada 1: Um estudo em rosa","01/07/2019"
"Aggretsuko: Temporada 2: Vida maravilhosa","01/07/2019"
"Aggretsuko: Temporada 2: Ela sonha","01/07/2019"
"Aggretsuko: Temporada 2: Ele mora acima das nuvens","01/07/2019"
"Aggretsuko: Temporada 2: Afeição cada vez maior","01/07/2019"
"Aggretsuko: Temporada 2: Futuro desconhecido","01/07/2019"
"Aggretsuko: Temporada 2: Pela união","01/07/2019"
"Aggretsuko: Temporada 2: Impacto inevitável","01/07/2019"
"Aggretsuko: Temporada 2: Atraso duplo","01/07/2019"
"Aggretsuko: Temporada 2: O novo contratado Anai","01/07/2019"
"Aggretsuko: Temporada 2: Hora de crescer","01/07/2019"
"Monster Trucks","30/06/2019"
"The Code: Temporada 1: O número mágico","30/06/2019"
"A Garota no Trem","29/06/2019"
"Sete Anos no Tibet","29/06/2019"
"Bob Lazar: Área 51 e Discos Voadores","29/06/2019"
"Altered Carbon: Temporada 1: Os assassinos","28/06/2019"
"Altered Carbon: Temporada 1: Fúria no céu","28/06/2019"
"Altered Carbon: Temporada 1: Só a mulher peca","28/06/2019"
"Elizabeth  [1998]","27/06/2019"
"Altered Carbon: Temporada 1: O cão raivoso","24/06/2019"
"Altered Carbon: Temporada 1: O homem com meu rosto","24/06/2019"
"Altered Carbon: Temporada 1: O homem errado","24/06/2019"
"Jessabelle - O Passado Nunca Morre","22/06/2019"
"Elisa y Marcela","22/06/2019"
"Rei Arthur","22/06/2019"
"Circle","22/06/2019"
"Final Space: Temporada 1: Capítulo 3","21/06/2019"
"Final Space: Temporada 1: Capítulo 2","21/06/2019"
"Final Space: Temporada 1: Capítulo 1","21/06/2019"
"Lion - Uma jornada para casa","21/06/2019"
"Missão Impossível - Nação Secreta","20/06/2019"
"Love, Death & Robots: Volume 1: O LIXÃO","20/06/2019"
"Love, Death & Robots: Volume 1: BOA CAÇADA","20/06/2019"
"Love, Death & Robots: Volume 1: PARA ALÉM DA FENDA DE ÁQUILA","20/06/2019"
"Love, Death & Robots: Volume 1: QUANDO O IOGURTE ASSUMIU O CONTROLE","20/06/2019"
"Love, Death & Robots: Volume 1: ERA DO GELO","20/06/2019"
"Love, Death & Robots: Volume 1: HISTÓRIAS ALTERNATIVAS","20/06/2019"
"Altered Carbon: Temporada 1: Força do mal","19/06/2019"
"Altered Carbon: Temporada 1: No silêncio da noite","19/06/2019"
"Altered Carbon: Temporada 1: Anjo ou demônio","19/06/2019"
"Mistério no Mediterrâneo","18/06/2019"
"Altered Carbon: Temporada 1: Fuga do passado","18/06/2019"
"O mistério das garotas perdidas","18/06/2019"
"Uma noite com a família Blacks","16/06/2019"
"I Am Mother","16/06/2019"
"Ozark: Temporada 1: Café Amargo","16/06/2019"
"Ozark: Temporada 1: Caleidoscópio","16/06/2019"
"Ozark: Temporada 1: Casa de passarinho","16/06/2019"
"Angry Birds: O Filme","15/06/2019"
"Eu sou o número quatro","15/06/2019"
"Homem-Formiga","15/06/2019"
"Ozark: Temporada 1: O livro de Ruth","09/06/2019"
"Black Mirror: Temporada 5: Rachel, Jack e Ashley Too","09/06/2019"
"Ozark: Temporada 1: Dias decisivos","09/06/2019"
"Ozark: Temporada 1: Lição de lavagem","08/06/2019"
"Ozark: Temporada 1: Insônia","08/06/2019"
"Ozark: Temporada 1: Blue Cat","08/06/2019"
"Ozark: Temporada 1: Doce como mel","08/06/2019"
"Black Mirror: Temporada 5: Smithereens","08/06/2019"
"Black Mirror: Temporada 5: Striking Vipers","08/06/2019"
"Black Summer: Temporada 1: Escola de verão","08/06/2019"
"Black Summer: Temporada 1: Impulso","07/06/2019"
"Fim do Mundo","31/05/2019"
"Loja de Unicórnios","22/05/2019"
"After Life - Vocês vão ter de me engolir: Temporada 1: Episódio 6","21/05/2019"
"After Life - Vocês vão ter de me engolir: Temporada 1: Episódio 5","21/05/2019"
"After Life - Vocês vão ter de me engolir: Temporada 1: Episódio 4","21/05/2019"
"After Life - Vocês vão ter de me engolir: Temporada 1: Episódio 3","21/05/2019"
"After Life - Vocês vão ter de me engolir: Temporada 1: Episódio 2","21/05/2019"
"After Life - Vocês vão ter de me engolir: Temporada 1: Episódio 1","21/05/2019"
"Invocação do Mal 2","21/05/2019"
"The OA: Parte 2: Capítulo 8: Visão geral","20/05/2019"
"The OA: Parte 2: Capítulo 7: Nina Azarova","20/05/2019"
"Take Your Pills","18/05/2019"
"The OA: Parte 2: Capítulo 6: Espelho, espelho meu","18/05/2019"
"The OA: Parte 2: Capítulo 5: A médium e o engenheiro","18/05/2019"
"The OA: Parte 2: Capítulo 4: SYZYGY","17/05/2019"
"The OA: Parte 2: Capítulo 3: Espelho mágico","17/05/2019"
"The OA: Parte 2: Capítulo 2: Ilha do tesouro","17/05/2019"
"The OA: Parte 2: Capítulo 1: Anjo da Morte","17/05/2019"
"The OA: Parte 1: Capítulo 8: O eu invisível","16/05/2019"
"The OA: Parte 1: Capítulo 7: Império da Luz","16/05/2019"
"The OA: Parte 1: Capítulo 6: Bifurcações","16/05/2019"
"The OA: Parte 1: Capítulo 5: Paraíso","16/05/2019"
"The OA: Parte 1: Capítulo 4: Fuga","16/05/2019"
"The OA: Parte 1: Capítulo 3: Campeão","16/05/2019"
"The OA: Parte 1: Capítulo 2: Novo Colosso","16/05/2019"
"The OA: Parte 1: Capítulo 1: O retorno","16/05/2019"
"Calibre","15/05/2019"
"Amor além da vida","15/05/2019"
"The Sinner: The Sinner: Cora: Parte VIII","14/05/2019"
"The Sinner: The Sinner: Cora: Parte VII","14/05/2019"
"The Sinner: The Sinner: Cora: Parte VI","14/05/2019"
"30 dias de noite","14/05/2019"
"The Sinner: The Sinner: Cora: Parte V","14/05/2019"
"The Sinner: The Sinner: Cora: Parte IV","14/05/2019"
"The Sinner: The Sinner: Cora: Parte III","14/05/2019"
"The Sinner: The Sinner: Cora: Parte II","14/05/2019"
"The Sinner: The Sinner: Cora: Parte I","14/05/2019"
"Ele Está Lá Fora","13/05/2019"
"A Lenda de Tarzan","13/05/2019"
"A Origem","13/05/2019"
"Movimento Tiny House: Volume 1: Tiny para sempre","12/05/2019"
"Lucifer: Temporada 4: Quem é o novo rei do inferno?","10/05/2019"
"Lucifer: Temporada 4: Salvem Lucifer","10/05/2019"
"Rua Cloverfield, 10","09/05/2019"
"Lucifer: Temporada 4: Namorado muito ruim","09/05/2019"
"Lucifer: Temporada 4: O diabo é aquilo que faz","09/05/2019"
"Lucifer: Temporada 4: Calças de orgia para trabalhar","09/05/2019"
"Lucifer: Temporada 4: Expirar ereto","09/05/2019"
"Lucifer: Temporada 4: O assunto é Eva","09/05/2019"
"Eu sou a lenda","08/05/2019"
"Lucifer: Temporada 4: Homens de pouca fé, pai","08/05/2019"
"Lucifer: Temporada 4: Alguém andou lendo o Inferno de Dante","08/05/2019"
"Lucifer: Temporada 4: Está tudo certo","08/05/2019"
"Jogo do Dinheiro","07/05/2019"
"Os Vingadores - The Avengers","07/05/2019"
"Vingadores: Era de Ultron","03/05/2019"
"Magnólia","28/04/2019"
"Mogli - Entre Dois Mundos","28/04/2019"
"Se eu não tivesse te conhecido: Temporada 1: Universo Zero","26/04/2019"
"Se eu não tivesse te conhecido: Temporada 1: Ciência ou arte","26/04/2019"
"Se eu não tivesse te conhecido: Temporada 1: As asas da borboleta","25/04/2019"
"Se eu não tivesse te conhecido: Temporada 1: É e não é","25/04/2019"
"Se eu não tivesse te conhecido: Temporada 1: Eu não entrarei em casa","25/04/2019"
"Se eu não tivesse te conhecido: Temporada 1: O beijo","25/04/2019"
"Se eu não tivesse te conhecido: Temporada 1: Eu não deveria conhecido ele","25/04/2019"
"Se eu não tivesse te conhecido: Temporada 1: Eles não se conhecerão","25/04/2019"
"Se eu não tivesse te conhecido: Temporada 1: A chave","25/04/2019"
"Se eu não tivesse te conhecido: Temporada 1: Se eu não tivesse te conhecido","25/04/2019"
"Estrada Sem Lei","22/04/2019"
"The Cloverfield Paradox","21/04/2019"
"The Silence","20/04/2019"
"Superlópez","20/04/2019"
"Minimalism: A Documentary About the Important Things","16/04/2019"
"Guerra contra Aliens","15/04/2019"
"Osmosis: Temporada 1: Alma gêmea","14/04/2019"
"Osmosis: Temporada 1: O teste","13/04/2019"
"Black Summer: Temporada 1: Fluxo humano","13/04/2019"
"O Date Perfeito","13/04/2019"
"No escuro da floresta","12/04/2019"
"Heal - O Poder da Mente","10/04/2019"
"12 Horas Para Sobreviver: O Ano da Eleição","06/04/2019"
"The Virgin Queen: Parte 1","05/04/2019"
"Cubo","05/04/2019"
"Poseidon","05/04/2019"
"GANTZ:O","05/04/2019"
"O Pacote","01/04/2019"
"Tumba Aberta","30/03/2019"
"The Witness","29/03/2019"
"Advantageous","23/03/2019"
"The Umbrella Academy: Temporada 1: A gente só se encontra em casamentos e funerais","22/03/2019"
"O Menino que Descobriu o Vento","21/03/2019"
"Anon","17/03/2019"
"Truques da Mente: Temporada 5: Senso comum","17/03/2019"
"The Invitation","16/03/2019"
"Dirty John - O Golpe do Amor: Temporada 1: Sonhos alcançáveis","16/03/2019"
"Operação Fronteira","16/03/2019"
"A Menina Índigo","09/03/2019"
"A Frequência Kirlian: Temporada 1: O rei do Natal","05/03/2019"
"A Frequência Kirlian: Temporada 1: Uma nova cor","05/03/2019"
"A Frequência Kirlian: Temporada 1: Mestres da noite","05/03/2019"
"A Frequência Kirlian: Temporada 1: O país de abril","05/03/2019"
"Derren Brown: Sacrifice","04/03/2019"
"Seu Filho","04/03/2019"
"The Ballad of Buster Scruggs","26/02/2019"
"ROMA","25/02/2019"
"Close","24/02/2019"
"Predestinados","24/02/2019"
"Derren Brown: The Push","22/02/2019"
"Yucatán","18/02/2019"
"Mara","15/02/2019"
"Bordertown: Temporada 1: A casa de bonecas - Parte 1","12/02/2019"
"Um Cadáver para Sobreviver","12/02/2019"
"A Senhora da Van","11/02/2019"
"22 de Julho","10/02/2019"
"Ordem na Casa com Marie Kondo: Temporada 1: A ordem traz felicidade","08/02/2019"
"Legítimo Rei","07/02/2019"
"Você: Temporada 1: Vivendo com o inimigo","07/02/2019"
"IO","05/02/2019"
"O labirinto do fauno","04/02/2019"
"Corpo Fechado","04/02/2019"
"Cam","03/02/2019"
"Titãs: Temporada 1: Rapina e Columba","03/02/2019"
"Titãs: Temporada 1: Titãs","02/02/2019"
"A Maldição da Residência Hill: Temporada 1: O silêncio repousa soberano","28/01/2019"
"A Maldição da Residência Hill: Temporada 1: Pesadelo","27/01/2019"
"A Maldição da Residência Hill: Temporada 1: Marcas de uso","27/01/2019"
"A Maldição da Residência Hill: Temporada 1: Eulogia","27/01/2019"
"A Maldição da Residência Hill: Temporada 1: Duas tempestades","27/01/2019"
"Polar","27/01/2019"
"A Maldição da Residência Hill: Temporada 1: A moça do pescoço torto","27/01/2019"
"A Maldição da Residência Hill: Temporada 1: Coisa de gêmeos","26/01/2019"
"A Maldição da Residência Hill: Temporada 1: Toque","26/01/2019"
"A Maldição da Residência Hill: Temporada 1: Caixão aberto","26/01/2019"
"A Maldição da Residência Hill: Temporada 1: Steven vê um fantasma","26/01/2019"
"Solo","20/01/2019"
"Uma Vida Com Propósito","20/01/2019"
"Lucifer: Temporada 3: Era uma vez","16/01/2019"
"Lucifer: Temporada 3: Grande coisa, normal","16/01/2019"
"Lucifer: Temporada 3: Sou um diabo de palavra","16/01/2019"
"Lucifer: Temporada 3: Típico da estrela Decker","16/01/2019"
"Lucifer: Temporada 3: Toda ajuda possível para a Decker","16/01/2019"
"Lucifer: Temporada 3: Tudo que Pierce pode fazer, eu posso fazer melhor","16/01/2019"
"Lucifer: Temporada 3: O Anjo de San Bernardino","16/01/2019"
"Lucifer: Temporada 3: A cor laranja lhe cai bem","15/01/2019"
"Lucifer: Temporada 3: Último coração partido","15/01/2019"
"Lucifer: Temporada 3: Deixe-a cantar!","15/01/2019"
"Lucifer: Temporada 3: Cobaia infernal","15/01/2019"
"Lucifer: Temporada 3: Papagaiada de colégio","15/01/2019"
"Lucifer: Temporada 3: O protetor do meu irmão","14/01/2019"
"Lucifer: Temporada 3: Até que a morte nos separe","14/01/2019"
"Lucifer: Temporada 3: Ela no centro de tudo","14/01/2019"
"Lucifer: Temporada 3: Cidade dos Anjos?","14/01/2019"
"Lucifer: Temporada 3: Cesto de pecados","14/01/2019"
"Lucifer: Temporada 3: O Pecador","13/01/2019"
"Lucifer: Temporada 3: Chloe imita Lúcifer","13/01/2019"
"Lucifer: Temporada 3: Extraoficial","13/01/2019"
"Lucifer: Temporada 3: Vegas com outra","13/01/2019"
"Você: Temporada 1: O Capitão","12/01/2019"
"Lucifer: Temporada 3: Charlotte Richards, de novo","12/01/2019"
"Lucifer: Temporada 3: O que Lúcifer faria?","12/01/2019"
"Lucifer: Temporada 3: Sr. e Sra. Mazikeen Smith","12/01/2019"
"Lucifer: Temporada 3: Aquele que tem a cenourinha","12/01/2019"
"Lucifer: Temporada 3: Eles voltaram, né?","12/01/2019"
"Lucifer: Temporada 2: O bom, o mau e o torrado","12/01/2019"
"Lucifer: Temporada 2: Simpatia pela Deusa","12/01/2019"
"Lucifer: Temporada 2: Deus Johnson","12/01/2019"
"Você: Temporada 1: Talvez","12/01/2019"
"Você: Temporada 1: Piloto","12/01/2019"
"Lucifer: Temporada 2: Pequeno e esperto parasita","11/01/2019"
"Lucifer: Temporada 2: Candy Morningstar","11/01/2019"
"Lucifer: Temporada 2: Um bom dia para morrer","11/01/2019"
"Lucifer: Temporada 2: O controle do amor","11/01/2019"
"Lucifer: Temporada 2: Aeromoça interrompida","11/01/2019"
"Lucifer: Temporada 2: Maldita advogada","11/01/2019"
"Lucifer: Temporada 2: Destruidor de lares","10/01/2019"
"Lucifer: Temporada 2: A trilha das punhaladas","10/01/2019"
"Lucifer: Temporada 2: Arma pesada","10/01/2019"
"Lucifer: Temporada 2: Minha filha querida","10/01/2019"
"Lucifer: Temporada 2: Eu sou um monstro","10/01/2019"
"Black Mirror: Bandersnatch","06/01/2019"
"O Lagosta","06/01/2019"
"Toc Toc","05/01/2019"
"Bird Box","25/12/2018"
"A Próxima Pele","16/12/2018"
"Vikings: Temporada 5: Visões","13/12/2018"
"90 Minutos no Paraíso","11/12/2018"
"Nada a Esconder","11/12/2018"
"Um olhar do paraíso","29/11/2018"
"Uma Beleza Fantástica ","27/11/2018"
"The Late Bloomer","27/11/2018"
"Razão e Sensibilidade","26/11/2018"
"Histórias cruzadas","26/11/2018"
"Oeste sem Lei","25/11/2018"
"Drácula de Bram Stoker","04/11/2018"
"Madame Bovary","03/11/2018"
"A Colina Escarlate","30/10/2018"
"O Chefe","29/10/2018"
"Super 8","28/10/2018"
"The Watcher","28/10/2018"
"Um Contratempo","28/10/2018"
"R.I.P.D. agentes do além","23/10/2018"
"Até o Limite da Honra","23/10/2018"
"Eu Vi: Temporada 1: A lápide roubada","22/10/2018"
"Eu Vi: Temporada 1: Contaminação alienígena","22/10/2018"
"Eu Vi: Temporada 1: O espírito no escuro","22/10/2018"
"Eu Vi: Temporada 1: A mulher de branco","22/10/2018"
"Goosebumps: Monstros e Arrepios","21/10/2018"
"Wild Wild Country: Temporada 1: Parte 1","21/10/2018"
"Eu Vi: Temporada 1: O matadouro","20/10/2018"
"Sala Verde","20/10/2018"
"Godless: Minissérie: A mulheres de La Belle","19/10/2018"
"Godless: Minissérie: Aconteceu em Creede","18/10/2018"
"Juventudes Roubadas","14/10/2018"
"Segredo de Sangue","14/10/2018"
"O Trote","13/10/2018"
"A Intervenção","12/10/2018"
"Orphan Black: Temporada 1: Seleção natural","10/10/2018"
"Byzantium - Uma Vida Eterna","10/10/2018"
"Brooklyn","09/10/2018"
"Gente de Bem","09/10/2018"
"O Bosque: Temporada 1: Episódio 1","09/10/2018"
"Glitch: Temporada 2: A carta","08/10/2018"
"Glitch: Temporada 2: Feridos ambulantes","08/10/2018"
"Glitch: Temporada 2: Dever de cuidar","08/10/2018"
"Glitch: Temporada 2: Demasiado humano","05/10/2018"
"Glitch: Temporada 2: Duas verdades","05/10/2018"
"Glitch: Temporada 2: O pássaro raro","05/10/2018"
"Glitch: Temporada 1: Impasse","05/10/2018"
"Glitch: Temporada 1: Três é demais","05/10/2018"
"Glitch: Temporada 1: Foi assim que eu morri","04/10/2018"
"Glitch: Temporada 1: Milagre ou punição","04/10/2018"
"Glitch: Temporada 1: Será que estou no inferno?","04/10/2018"
"Glitch: Temporada 1: Os que foram e voltaram","04/10/2018"
"The Good Place: Temporada 1: O que Devemos Uns aos Outros","03/10/2018"
"The Good Place: Temporada 1: Crise de emergência do juízo final","03/10/2018"
"The Good Place: Temporada 1: Jason Mendoza","03/10/2018"
"The Good Place: Temporada 1: Tahani Al-Jamil","03/10/2018"
"The Good Place: Temporada 1: Voar","03/10/2018"
"The Good Place: Temporada 1: Tudo está bem","03/10/2018"
"Noite de Lobos","03/10/2018"
"O Que Fazemos nas Sombras","30/09/2018"
"Invasão Zumbi","30/09/2018"
"Maniac: Minissérie: O escolhido","28/09/2018"
"Incríveis  por  Dentro: Temporada 1: Espaço do Chicago Cubs, casa-aquário, o barco do amor","28/09/2018"
"Mountain","28/09/2018"
"Incríveis  por  Dentro: Temporada 1: Palácio Rosa, quarto-cachoeira, casa das artes","28/09/2018"
"Incríveis  por  Dentro: Temporada 1: Casa em ruínas, caverna hominídea, Casa do Nunca","28/09/2018"
"Incríveis  por  Dentro: Temporada 1: Duplex luxuoso, casa de gatos, casa do hóquei","28/09/2018"
"Ozark: Temporada 2: A arte de matar","25/09/2018"
"Ozark: Temporada 2: Uma única saída","25/09/2018"
"Ozark: Temporada 2: Nas trevas exteriores","24/09/2018"
"Ozark: Temporada 2: Cartas na mesa","24/09/2018"
"Ozark: Temporada 2: Por conta própria","23/09/2018"
"Ozark: Temporada 2: É da natureza dos Langmores","23/09/2018"
"Ozark: Temporada 2: O sangue sagrado de Jesus","23/09/2018"
"Ozark: Temporada 2: Reparações","23/09/2018"
"Ozark: Temporada 1: O preço","23/09/2018"
"Maçonaria - Segredos Revelados: Temporada 1: Episódio 5","21/09/2018"
"Maçonaria - Segredos Revelados: Temporada 1: Episódio 1","21/09/2018"
"Reign: Temporada 4: Custou caro","20/09/2018"
"Reign: Temporada 4: Sangue na água","20/09/2018"
"Reign: Temporada 4: Uma noiva. Um caixão. Um corpo.","20/09/2018"
"Reign: Temporada 4: Golpe de misericórdia","20/09/2018"
"Reign: Temporada 4: A chantagem","20/09/2018"
"Reign: Temporada 4: Na calada da noite","20/09/2018"
"Reign: Temporada 4: Um homem melhor","20/09/2018"
"Reign: Temporada 4: Por um fio","19/09/2018"
"Reign: Temporada 4: Águas inexploradas","19/09/2018"
"Reign: Temporada 4: Espada pronta para atacar","19/09/2018"
"Reign: Temporada 4: Amor e morte","19/09/2018"
"Reign: Temporada 4: Jogos das Terras Altas","19/09/2018"
"Reign: Temporada 4: Brincando com fogo","19/09/2018"
"Reign: Temporada 4: Votos de confiança","18/09/2018"
"Reign: Temporada 4: Grãos traiçoeiros","18/09/2018"
"Reign: Temporada 4: Com amigos assim...","18/09/2018"
"Reign: Temporada 3: Aranhas num frasco","18/09/2018"
"Reign: Temporada 3: Intrusos","17/09/2018"
"Reign: Temporada 3: Clãs","17/09/2018"
"Reign: Temporada 3: Passagem segura","17/09/2018"
"Reign: Temporada 3: Até a morte","17/09/2018"
"Reign: Temporada 3: Estranhos companheiros","17/09/2018"
"Reign: Temporada 3: Sem saída","17/09/2018"
"Reign: Temporada 3: Sucessão","16/09/2018"
"Reign: Temporada 3: Contusões que mentem","16/09/2018"
"Reign: Temporada 3: Casamento","16/09/2018"
"Reign: Temporada 3: Nossa perdição","16/09/2018"
"Reign: Temporada 3: O cão e a lebre","16/09/2018"
"Reign: Temporada 3: Luta ou fuga","16/09/2018"
"Reign: Temporada 3: Numa clareira","16/09/2018"
"Reign: Temporada 3: O preço","16/09/2018"
"Reign: Temporada 3: Medidas extremas","16/09/2018"
"Clube da luta dos animais: Temporada 1: Batalha na Savana","16/09/2018"
"Pulando a Vassoura","16/09/2018"
"O Apocalipse","16/09/2018"
"Reign: Temporada 3: Noivos","15/09/2018"
"Reign: Temporada 3: Três rainhas, dois tigres","15/09/2018"
"Reign: Temporada 2: Queimar","15/09/2018"
"Reign: Temporada 2: O cerco","15/09/2018"
"Reign: Temporada 2: Fugitivo","15/09/2018"
"Reign: Temporada 2: Abandonado","15/09/2018"
"Reign: Temporada 2: Reversão da fortuna","15/09/2018"
"Reign: Temporada 2: Destino tentador","15/09/2018"
"Reign: Temporada 2: Degustação de vingança","15/09/2018"
"Reign: Temporada 2: Proibido","14/09/2018"
"Reign: Temporada 2: O fim do luto","14/09/2018"
"Reign: Temporada 2: Pecados do passado","14/09/2018"
"Reign: Temporada 2: Banido","14/09/2018"
"Reign: Temporada 2: Fugir","14/09/2018"
"Reign: Temporada 2: Misericórdia","14/09/2018"
"Reign: Temporada 2: Atos de guerra","13/09/2018"
"Reign: Temporada 2: O terror dos fiéis","13/09/2018"
"Reign: Temporada 2: O príncipe do sangue","13/09/2018"
"Reign: Temporada 2: Três rainhas","13/09/2018"
"Reign: Temporada 2: Sangue por sangue","13/09/2018"
"Reign: Temporada 2: O cordeiro e o abate","13/09/2018"
"Reign: Temporada 2: Coroação","13/09/2018"
"Reign: Temporada 2: Desenhada e esquartejada","13/09/2018"
"Reign: Temporada 2: A praga","09/09/2018"
"Reign: Temporada 1: Chacina da inocência","09/09/2018"
"Reign: Temporada 1: Longa vida ao rei","09/09/2018"
"Reign: Temporada 1: Terreno elevado","09/09/2018"
"Reign: Temporada 1: Soldados de brinquedo","08/09/2018"
"Reign: Temporada 1: Sem saída","08/09/2018"
"Reign: Temporada 1: Senhor soberano","08/09/2018"
"Reign: Temporada 1: Monstros","08/09/2018"
"Reign: Temporada 1: As trevas","06/09/2018"
"Reign: Temporada 1: Vestimentas imundas","06/09/2018"
"Reign: Temporada 1: A consumação","06/09/2018"
"Reign: Temporada 1: Sangue real","06/09/2018"
"Reign: Temporada 1: Inquisição","06/09/2018"
"Reign: Temporada 1: Sacrifício","05/09/2018"
"Reign: Temporada 1: Pelo rei e pelo país","05/09/2018"
"Reign: Temporada 1: Fadado","04/09/2018"
"Reign: Temporada 1: Deixe para trás","04/09/2018"
"Reign: Temporada 1: Escolhida","04/09/2018"
"Reign: Temporada 1: Um calafrio no ar","04/09/2018"
"Reign: Temporada 1: Corações e mentes","04/09/2018"
"Reign: Temporada 1: Beijada","04/09/2018"
"Reign: Temporada 1: Serpentes no jardim","03/09/2018"
"Reign: Temporada 1: Piloto","03/09/2018"
"A Catedral do Mar: Temporada 1: Episódio 8","03/09/2018"
"A Catedral do Mar: Temporada 1: Episódio 5","03/09/2018"
"A Catedral do Mar: Temporada 1: Episódio 7","03/09/2018"
"A Catedral do Mar: Temporada 1: Episódio 6","03/09/2018"
"A Catedral do Mar: Temporada 1: Episódio 4","02/09/2018"
"A Catedral do Mar: Temporada 1: Episódio 3","02/09/2018"
"A Catedral do Mar: Temporada 1: Episódio 2","02/09/2018"
"A Catedral do Mar: Temporada 1: Episódio 1","02/09/2018"
"Memórias Secretas","02/09/2018"
"Que Mal Eu Fiz a Deus?","01/09/2018"
"À Espera da Chuva","01/09/2018"
"O Autor","01/09/2018"
"Risco duplo","30/08/2018"
"O Guardião Invisível","30/08/2018"
"Sede de vingança","29/08/2018"
"Morrendo e aprendendo","28/08/2018"
"Olhos da Justiça","21/08/2018"
"A troca","20/08/2018"
"As Maiores Incógnitas","19/08/2018"
"Vende-se Esta Casa","19/08/2018"
"Filhos da esperança","19/08/2018"
"A Encruzilhada","19/08/2018"
"Desaparecida","16/08/2018"
"Anne with an E: Anne with an E: Temporada 2: O que há de bom no mundo","12/08/2018"
"Anne with an E: Anne with an E: Temporada 2: O que fomos faz parte daquilo que somos","12/08/2018"
"Anne with an E: Anne with an E: Temporada 2: Na luta contra as evidências","12/08/2018"
"Anne with an E: Anne with an E: Temporada 2: Lembranças podem variar tanto quanto o humor","12/08/2018"
"Anne with an E: Anne with an E: Temporada 2: Eu me recuso a qualquer conclusão definitiva","12/08/2018"
"Anne with an E: Anne with an E: Temporada 2: Os atos que determinaram a vida dela","12/08/2018"
"Anne with an E: Anne with an E: Temporada 2: A ansiedade dolorida da esperança em vão","11/08/2018"
"Anne with an E: Anne with an E: Temporada 2: O que importa é o que está dentro","11/08/2018"
"Anne with an E: Anne with an E: Temporada 2: Pequenos detalhes são mensuráveis, significados são infinitos","11/08/2018"
"Anne with an E: Anne with an E: Temporada 2: Ser jovem é ter esperança","11/08/2018"
"Anne with an E: Temporada 1: Onde você estiver, será meu lar","11/08/2018"
"Anne with an E: Temporada 1: O remorso é o veneno da vida","11/08/2018"
"Anne with an E: Temporada 1: Um laço de amizade","11/08/2018"
"Anne with an E: Temporada 1: Um tesouro vindo da alma","10/08/2018"
"Anne with an E: Temporada 1: Obstinada como a juventude","10/08/2018"
"Anne with an E: Temporada 1: Sou livre e nada me prende","10/08/2018"
"Anne with an E: Temporada 1: Sua determinação dita seu destino","10/08/2018"
"Tal Pai, Tal Filha","10/08/2018"
"Na Trilha da Vingança","09/08/2018"
"A Mansão","07/08/2018"
"Warcraft - O Primeiro Encontro de Dois Mundos","05/08/2018"
"Extinção","05/08/2018"
"Ultimate Beastmaster Brasil: No Mercy: Em busca do ouro","05/08/2018"
"Turismo Macabro: Temporada 1: Japão","05/08/2018"
"Turismo Macabro: Temporada 1: América Latina","05/08/2018"
"Dark Net: Rede Sombria: Paixões","05/08/2018"
"O Aviso","04/08/2018"
"O Bar","25/07/2018"
"Vizinhos 2","25/07/2018"
"Somebody Feed Phil: Primeiro prato: Saigon","25/07/2018"
"Great Interior Design Challenge: Temporada 3: Centro de lazer convertido","23/07/2018"
"Irmãos à Obra: Temporada 2: Mente aberta","21/07/2018"
"Irmãos à Obra: Temporada 1: Casa vitoriana dos sonhos","21/07/2018"
"Irmãos à Obra: Temporada 1: Reformar é a solução","21/07/2018"
"Irmãos à Obra: Temporada 1: Uma casa com estilo","21/07/2018"
"Minha Primeira Caçada","20/07/2018"
"Somebody Feed Phil: Primeiro prato: Bangkok","20/07/2018"
"Próxima Parada: Apocalipse","19/07/2018"
"A Sacada","15/07/2018"
"Sob a Pele do Lobo","09/07/2018"
"O Vazio: Temporada 1: O deserto","06/07/2018"
"O Vazio: Temporada 1: O quarto","06/07/2018"
"Ashby","05/07/2018"
"O Retorno de John Henry","05/07/2018"
"Lobisomem - A Besta entre Nós","01/07/2018"
"TAU","01/07/2018"
"O Vazio do Domingo","24/06/2018"
"O Caderno de Sara","18/06/2018"
"Conflitos e Reencontros","18/06/2018"
"Tabula Rasa: Temporada 1: Bob","15/06/2018"
"Tabula Rasa: Temporada 1: Madeira para as árvores","15/06/2018"
"Tabula Rasa: Temporada 1: Wally","15/06/2018"
"Tabula Rasa: Temporada 1: Segredos do passado","15/06/2018"
"Tabula Rasa: Temporada 1: V.","15/06/2018"
"Tabula Rasa: Temporada 1: O fio de Ariadne","15/06/2018"
"Tabula Rasa: Temporada 1: Um pássaro para o gato","14/06/2018"
"Tabula Rasa: Temporada 1: Houdini","14/06/2018"
"Tabula Rasa: Temporada 1: Spectre","14/06/2018"
"O Fabuloso Destino de Amélie Poulain","14/06/2018"
"Já não me sinto em casa nesse mundo","13/06/2018"
"Amityville: O Despertar","12/06/2018"
"Erased: Temporada 1: Episódio 12","12/06/2018"
"Erased: Temporada 1: Episódio 11","12/06/2018"
"Erased: Temporada 1: Episódio 10","12/06/2018"
"Erased: Temporada 1: Episódio 9","12/06/2018"
"Erased: Temporada 1: Episódio 8","12/06/2018"
"Erased: Temporada 1: Episódio 7","11/06/2018"
"Erased: Temporada 1: Episódio 6","11/06/2018"
"Erased: Temporada 1: Episódio 5","11/06/2018"
"Erased: Temporada 1: Episódio 4","11/06/2018"
"Erased: Temporada 1: Episódio 3","11/06/2018"
"Erased: Temporada 1: Episódio 2","11/06/2018"
"Erased: Temporada 1: Episódio 1","11/06/2018"
"Bosque Macabro","10/06/2018"
"Amnésia","10/06/2018"
"Feliz!: Temporada 1: São Nick","09/06/2018"
"Prisioneiros do Demônio","08/06/2018"
"Cargo","03/06/2018"
"Aggretsuko: Temporada 1: O fim do sonho","02/06/2018"
"Aggretsuko: Temporada 1: Um mundo cor-de-rosa","02/06/2018"
"Aggretsuko: Temporada 1: O Príncipe Egoísta","02/06/2018"
"Aggretsuko: Temporada 1: Karaokê","02/06/2018"
"Aggretsuko: Temporada 1: Puxa-saco","02/06/2018"
"Aggretsuko: Temporada 1: Segredo revelado","01/06/2018"
"Aggretsuko: Temporada 1: Casamento","01/06/2018"
"Aggretsuko: Temporada 1: Parasita","01/06/2018"
"Aggretsuko: Temporada 1: Uma garota esforçada","01/06/2018"
"Aggretsuko: Temporada 1: Um dia na vida de Retsuko","01/06/2018"
"Rebirth","01/06/2018"
"Profissão de Risco","31/05/2018"
"Gênio Diabólico: Temporada 1: Parte 1 - O crime","31/05/2018"
"A Louva-a-deus: Temporada 1: Episódio 6","29/05/2018"
"A Louva-a-deus: Temporada 1: Episódio 5","29/05/2018"
"A Louva-a-deus: Temporada 1: Episódio 4","29/05/2018"
"A Louva-a-deus: Temporada 1: Episódio 2","27/05/2018"
"A Louva-a-deus: Temporada 1: Episódio 3","27/05/2018"
"A Louva-a-deus: Temporada 1: Episódio 1","27/05/2018"
"Mercy","26/05/2018"
"Dark: Temporada 1: Alfa e ômega","23/05/2018"
"Dark: Temporada 1: Tudo acontece agora","23/05/2018"
"Dark: Temporada 1: Você colhe o que planta","23/05/2018"
"Dark: Temporada 1: Ponto crítico","23/05/2018"
"Dark: Temporada 1: Assim foi criado o mundo","22/05/2018"
"Dark: Temporada 1: Verdades","22/05/2018"
"Dark: Temporada 1: Vidas duplas","22/05/2018"
"Dark: Temporada 1: Passado e presente","18/05/2018"
"Dark: Temporada 1: Mentiras","18/05/2018"
"Dark: Temporada 1: Segredos","18/05/2018"
"Cymbeline","18/05/2018"
"Safe: Temporada 1: Episódio 8","17/05/2018"
"Safe: Temporada 1: Episódio 7","17/05/2018"
"Safe: Temporada 1: Episódio 6","17/05/2018"
"Safe: Temporada 1: Episódio 5","17/05/2018"
"Safe: Temporada 1: Episódio 4","17/05/2018"
"Safe: Temporada 1: Episódio 1","17/05/2018"
"Safe: Temporada 1: Episódio 3","17/05/2018"
"Safe: Temporada 1: Episódio 2","17/05/2018"
"Family Blood","16/05/2018"
"Eu Não Sou um Homem Fácil","15/05/2018"
"Merlí: Temporada 1: Os peripatéticos","15/05/2018"
"Darc","12/05/2018"
"As Vozes","06/05/2018"
"O Mistério da Passagem da Morte","06/05/2018"
"Deuses do Egito","06/05/2018"
"O Jogo da Imitação","06/05/2018"
"3%: Temporada 2: Capítulo 1: Espelho","05/05/2018"
"3%: Temporada 1: Capítulo 02: Moedas","05/05/2018"
"3%: Temporada 1: Capítulo 01: Cubos","02/05/2018"
"As Casas Mais Extraordinárias do Mundo: Temporada 1: Floresta","01/05/2018"
"As Casas Mais Extraordinárias do Mundo: Temporada 1: Montanha","01/05/2018"
"The Darkest Dawn","01/05/2018"
"Deixe-me entrar","01/05/2018"
"Beyond Skyline","01/05/2018"
"Como Eu Morro","29/04/2018"
"A Cor de um Crime","26/04/2018"
"Orgulho e Preconceito","23/04/2018"
"1922","21/04/2018"
"O Lobo de Wall Street","19/04/2018"
"Una","19/04/2018"
"Mudo","15/04/2018"
"The Titan","14/04/2018"
"À Procura","14/04/2018"
"Refém de um criminoso","01/04/2018"
"Invasão Alienígena","01/04/2018"
"As Casas Mais Extraordinárias do Mundo: Temporada 1: Litoral","27/03/2018"
"Os Meyerowitz: Família Não se Escolhe (Histórias Novas e Selecionadas)","27/03/2018"
"Atividade Paranormal: Dimensão Fantasma","25/03/2018"
"Black Mirror: Temporada 4: Crocodilo","25/03/2018"
"O Último Rei","23/03/2018"
"Black Mirror: Temporada 1: Quinze milhões de méritos","13/03/2018"
"Black Mirror: Temporada 1: Hino Nacional","13/03/2018"
"Bullet Head","11/03/2018"
"O Duelo","05/03/2018"
"Joe","27/02/2018"
"Vikings: Temporada 4: O acerto de contas","26/02/2018"
"Vikings: Temporada 4: Na véspera","26/02/2018"
"Vikings: Temporada 4: Vingança","26/02/2018"
"Vikings: Temporada 4: O grande exército","26/02/2018"
"Vikings: Temporada 4: Travessias","26/02/2018"
"Vikings: Temporada 4: Todos os seus anjos","26/02/2018"
"Black Mirror: Temporada 3: Queda livre","26/02/2018"
"Vikings: Temporada 4: Na hora incerta antes da manhã","26/02/2018"
"Black Mirror: Temporada 3: Versão de testes","26/02/2018"
"Black Mirror: Temporada 4: USS Callister","26/02/2018"
"Vikings: Temporada 4: Duas viagens","25/02/2018"
"Vikings: Temporada 4: A visão","25/02/2018"
"Vikings: Temporada 4: O forasteiro","25/02/2018"
"Vikings: Temporada 4: O último navio","25/02/2018"
"Vikings: Temporada 4: A morte ao redor","25/02/2018"
"Vikings: Temporada 4: Mudança","24/02/2018"
"Vikings: Temporada 4: Ganhos e perdas","24/02/2018"
"Terror na Ilha","24/02/2018"
"Vikings: Temporada 4: O que poderia ter sido","23/02/2018"
"Vikings: Temporada 4: A promessa","23/02/2018"
"Vikings: Temporada 4: Yol","23/02/2018"
"Vikings: Temporada 4: Misericórdia","23/02/2018"
"Vikings: Temporada 4: Matem a rainha","23/02/2018"
"Vikings: Temporada 4: Uma boa traição","22/02/2018"
"Vikings: Temporada 3: Quem não volta mais","22/02/2018"
"Vikings: Temporada 3: Momento de decisão","22/02/2018"
"Vikings: Temporada 3: Arrombem os portões!","22/02/2018"
"Vikings: Temporada 3: Paris","22/02/2018"
"Vikings: Temporada 3: Renascimento","22/02/2018"
"Vikings: Temporada 3: O usurpador","21/02/2018"
"Vikings: Temporada 3: Cicatrizes","21/02/2018"
"Vikings: Temporada 3: O destino de um guerreiro","21/02/2018"
"Vikings: Temporada 3: O andarilho","21/02/2018"
"Vikings: Temporada 3: Mercenários","21/02/2018"
"Vikings: Temporada 2: Prece do Senhor","21/02/2018"
"Vikings: Temporada 2: Traição","21/02/2018"
"Vikings: Temporada 2: A invasão","20/02/2018"
"Vikings: Temporada 2: Guerra entre irmãos","20/02/2018"
"Vikings: Temporada 1: Quando tudo muda","20/02/2018"
"Vikings: Temporada 1: Sacrifício","20/02/2018"
"Vikings: Temporada 1: O resgate do rei","20/02/2018"
"Vikings: Temporada 1: A cerimônia dos mortos","19/02/2018"
"Vikings: Temporada 1: Ataque de surpresa","19/02/2018"
"Vikings: Temporada 1: O julgamento","19/02/2018"
"Vikings: Temporada 1: Despossuído","19/02/2018"
"O presente","18/02/2018"
"Vikings: Temporada 1: A fúria dos homens do Norte","17/02/2018"
"Vikings: Temporada 1: Ritos de passagem","17/02/2018"
"The 100: Temporada 1: Piloto","17/02/2018"
"La casa de papel: Parte 1: Episódio 13","16/02/2018"
"La casa de papel: Parte 1: Episódio 12","16/02/2018"
"La casa de papel: Parte 1: Episódio 11","16/02/2018"
"La casa de papel: Parte 1: Episódio 10","16/02/2018"
"La casa de papel: Parte 1: Episódio 9","15/02/2018"
"La casa de papel: Parte 1: Episódio 8","15/02/2018"
"La casa de papel: Parte 1: Episódio 7","15/02/2018"
"La casa de papel: Parte 1: Episódio 6","15/02/2018"
"La casa de papel: Parte 1: Episódio 5","15/02/2018"
"La casa de papel: Parte 1: Episódio 4","15/02/2018"
"La casa de papel: Parte 1: Episódio 3","15/02/2018"
"La casa de papel: Parte 1: Episódio 2","15/02/2018"
"Sacrifício","13/02/2018"
"Guardiões da Galáxia","12/02/2018"
"99 Casas","06/02/2018"
"Black Mirror: Temporada 2: Volto já","04/02/2018"
"Black Mirror: Temporada 3: Odiados pela nação","04/02/2018"
"Black Mirror: Temporada 3: Manda quem pode","04/02/2018"
"Black Mirror: Temporada 4: Black Museum","03/02/2018"
"Black Mirror: Temporada 4: Metalhead","03/02/2018"
"Black Mirror: Temporada 4: Hang the DJ","02/02/2018"
"Versões de um Crime","29/01/2018"
"Spectral","28/01/2018"
"Black Mirror: Temporada 4: Arkangel","26/01/2018"
"13 Reasons Why: Temporada 1: Fita 3, Lado A","24/01/2018"
"Terror na Estrada","19/01/2018"
"Além da Ilusão","16/01/2018"
"Super Dark Times","14/01/2018"
"BoJack Horseman: Temporada 1: BoJack, o traidor da pátria","01/01/2018"
"BoJack Horseman: Temporada 1: BoJack Horseman: Temporada 1: A história de BoJack, capítulo 1","31/12/2017"
"13 Reasons Why: Temporada 1: Fita 2, Lado B","29/12/2017"
"13 Reasons Why: Temporada 1: Fita 2, Lado A","28/12/2017"
"13 Reasons Why: Temporada 1: Fita 1, Lado B","28/12/2017"
"13 Reasons Why: Temporada 1: Fita 1, Lado A","27/12/2017"
"Frozen - Uma Aventura Congelante","25/12/2017"
"Bright","24/12/2017"
"Rick and Morty: Temporada 1: A poção do Rick","16/12/2017"
"Rick and Morty: Temporada 1: A Revolta dos Meeseeks","16/12/2017"
"Rick and Morty: Temporada 1: Piloto","12/12/2017"
"Sam Was Here","10/12/2017"
"Rick and Morty: Temporada 2: Casamento intergaláctico","06/12/2017"
"Rick and Morty: Temporada 2: Olha quem está expurgando","06/12/2017"
"Rick and Morty: Temporada 2: TV interdimensional","06/12/2017"
"Rick and Morty: Temporada 2: Confusão em Little Sanchez","05/12/2017"
"Rick and Morty: Temporada 2: Bateria esgotada","05/12/2017"
"Rick and Morty: Temporada 2: Planeta música","05/12/2017"
"Rick and Morty: Temporada 2: Parasitas invasores alienígenas","04/12/2017"
"Rick and Morty: Temporada 2: Assimilação autoerótica","04/12/2017"
"Rick and Morty: Temporada 2: Expresso da meia-noite","04/12/2017"
"Rick and Morty: Temporada 2: Fratura temporal","03/12/2017"
"Rick and Morty: Temporada 1: Uma loja do diabo","03/12/2017"
"Rick and Morty: Temporada 1: Realidade alternativa","03/12/2017"
"Rick and Morty: Temporada 1: O pequeno Gazorpazorp","03/12/2017"
"Rick and Morty: Temporada 1: Realidade Virtual","03/12/2017"
"Rick and Morty: Temporada 1: Parque das Bactérias","03/12/2017"
"Rick and Morty: Temporada 1: Cãortador de grama","03/12/2017"
"Rick and Morty: Temporada 1: Negócio arriscado","03/12/2017"
"Rick and Morty: Temporada 1: Contatos imediatos","03/12/2017"
"Slasher: O carrasco: Cavando o próprio túmulo com os dentes","03/12/2017"
"Slasher: O carrasco: Olho por olho","03/12/2017"
"Marvel - O Justiceiro: Temporada 1: Dois homens mortos","02/12/2017"
"Marvel - O Justiceiro: Temporada 1: Três da madrugada","02/12/2017"
"Amores Canibais","02/12/2017"
"The Journey Is the Destination","26/11/2017"
"A Leoa","15/11/2017"
"Black Mirror: Temporada 1: Toda a sua história","12/11/2017"
"Jogo Perigoso","12/11/2017"
"Fotografia de um Assassinato","05/11/2017"
"Ao Cair da Noite","29/10/2017"
"A Babá","22/10/2017"
"Um Lugar Solitário para Morrer","21/10/2017"
"Scream: Temporada 1: Vamos brincar?","14/10/2017"
"Scream: Temporada 1: Oi, Emma","14/10/2017"
"Scream: Temporada 1: Piloto","14/10/2017"
"Outlander: Temporada 1: Inglesa","11/10/2017"
"O Reencontro","10/10/2017"
"O Nevoeiro: Temporada 1: Pequod","06/10/2017"
"O Nevoeiro: Temporada 1: Experiências compartilhadas","06/10/2017"
"O Nevoeiro: Temporada 1: Síndrome de abstinência","06/10/2017"
"O Nevoeiro: Temporada 1: Piloto","06/10/2017"
"Bates Motel: Temporada 1: Adorei sua escolha de cidade, Norma...","05/10/2017"
"Bates Motel: Temporada 1: Primeiro você sonha, depois morre","05/10/2017"
"Locke","03/10/2017"
"Shadowhunters: The Mortal Instruments: Temporada 1: Moo Shu para viagem","03/10/2017"
"Sem Escalas","01/10/2017"
"Os Suspeitos","01/10/2017"
"Naruto: Temporada 1: Sasuke and Sakura: Friends or Foes?","27/09/2017"
"Naruto: Temporada 5: A batalha começa: Naruto contra Sasuke!","27/09/2017"
"Naruto: Temporada 6: Siga-me! O grande desafio de sobrevivência","27/09/2017"
"Naruto Shippuden: Temporada 3: Vento","27/09/2017"
"Naruto Shippuden: Temporada 1: Kakashi iluminado!","27/09/2017"
"Naruto Shippuden: Temporada 1: Os Akatsuki entram em ação","27/09/2017"
"Naruto Shippuden: Temporada 1: Voltando para casa","27/09/2017"
"Naruto: Temporada 3: Uma luta incomparável: Hokage contra Hokage!","27/09/2017"
"Shadowhunters: The Mortal Instruments: Temporada 1: Mandando tudo para o inferno","26/09/2017"
"Shadowhunters: The Mortal Instruments: Temporada 1: Hotel finados","26/09/2017"
"Shadowhunters: The Mortal Instruments: Temporada 1: A descida não é fácil","26/09/2017"
"Shadowhunters: The Mortal Instruments: Temporada 1: Cálice letal","26/09/2017"
"Sangue no Gelo","24/09/2017"
"Ex_Machina - Instinto Artificial","07/09/2017"
"O Afogamento","05/09/2017"
"King: Uma História de Vingança","03/09/2017"
"Onde Está Segunda?","03/09/2017"
"Nunca Diga Seu Nome","03/09/2017"
"Death Note","02/09/2017"
"Nu","02/09/2017"
"Lucifer: Temporada 1: Me leve de volta ao Inferno","29/08/2017"
"Lucifer: Temporada 1: #EquipeLucifer","29/08/2017"
"Lucifer: Temporada 1: Santo Lucifer","25/08/2017"
"Lucifer: Temporada 1: Até tu, Doutora?","25/08/2017"
"Lucifer: Temporada 1: Pops","25/08/2017"
"Lucifer: Temporada 1: Um padre entra no bar","25/08/2017"
"Lucifer: Temporada 1: Parceiro","25/08/2017"
"Lucifer: Temporada 1: Filho favorito","25/08/2017"
"Lucifer: Temporada 1: Sapatos","25/08/2017"
"Lucifer: Temporada 1: Novidades masculinas","24/08/2017"
"Lucifer: Temporada 1: O quase Príncipe das Trevas","24/08/2017"
"Lucifer: Temporada 1: Fica, Lucifer. Bom Diabo.","24/08/2017"
"Lucifer: Temporada 1: Piloto","24/08/2017"
"Para sempre Alice","15/08/2017"
"O Instituto","15/08/2017"
"Cão Selvagem","13/08/2017"
"O Quarto dos Esquecidos","01/08/2017"
"Innsaei","18/07/2017"
"Isha: Por que caminhar se você pode voar?","18/07/2017"
"O Segredo","17/07/2017"
"Roger Waters – The Wall","16/07/2017"
"Um Passado Sombrio","16/07/2017"
"Tony Robbins: Eu não sou seu guru","14/07/2017"
"The Discovery","14/07/2017"
"Extraordinary: The Stan Romanek Story","11/07/2017"
"Paralisia","07/07/2017"
"À Deriva","03/07/2017"
"A Caverna","02/07/2017"
"Hacker","01/07/2017"
"O Preço do Amanhã","01/07/2017"
"Van Helsing: Temporada 1: Socorro","01/07/2017"
"Marvel - Jessica Jones: Temporada 1: Síndrome do esmagamento","30/06/2017"
"Marvel - Jessica Jones: Temporada 1: Moça bonita não paga","30/06/2017"
"O mensageiro","27/06/2017"
"Marvel - Punho de Ferro: Temporada 1: Soco de trovão, estrondo de canhão","24/06/2017"
"Marvel - Punho de Ferro: Temporada 1: Das sombras, falcão alça voo","24/06/2017"
"Moonlight - Sob a Luz do Luar","17/06/2017"
"Mommy","16/06/2017"
"Heidi","14/06/2017"
"Sete minutos depois da meia-noite","14/06/2017"
"Lugares Escuros","13/06/2017"
"Shimmer Lake","13/06/2017"
"A Anatomia de Grey: Temporada 9: Indo embora","12/06/2017"
"A Anatomia de Grey: Temporada 8: Voo","12/06/2017"
"A Anatomia de Grey: Temporada 11: E o vento levou","12/06/2017"
"Gênios do Crime","12/06/2017"
"Marvel - Punho de Ferro: Temporada 1: A neve abre caminho","11/06/2017"
"Abstract: The Art of Design: Temporada 1: Ilse Crawford: designer de interiores","10/06/2017"
"Abstract: The Art of Design: Temporada 1: Platon: fotógrafo","10/06/2017"
"Abstract: The Art of Design: Temporada 1: Paula Scher: designer gráfico","10/06/2017"
"Abstract: The Art of Design: Temporada 1: Ralph Gilles: designer de automóveis","10/06/2017"
"Abstract: The Art of Design: Temporada 1: Christoph Niemann: ilustrador","10/06/2017"
"A Casa dos Mortos","10/06/2017"
"Garganta do Diabo","09/06/2017"
"Filha de Deus","08/06/2017"
"Lore","07/06/2017"
"O Caçador","06/06/2017"
"A Noiva do Diabo","06/06/2017"
"Um estado de liberdade","04/06/2017"
"A IInquilina","31/05/2017"
"Arès","31/05/2017"
"A Noite Do Javali","31/05/2017"
"He Even Has Your Eyes","30/05/2017"
"Segredos de um Crime","30/05/2017"
"Satânico","30/05/2017"
"Sobre Meninos e Lobos","16/05/2017"
"Onde Está Deus?","16/05/2017"
"Hangman","16/05/2017"
"Regressão","16/05/2017"
"Invencível","02/05/2017"
"Pequenos Delitos","02/05/2017"
"Nerve","01/05/2017"
"Taboo - Jogando com o Assassino","01/05/2017"
"Reféns","01/05/2017"
"Sandy Wexler","01/05/2017"
"A Estrada Interior","01/05/2017"
"Wer","01/05/2017"
"O centenário que saiu sem pagar a conta e sumiu","01/05/2017"
"População 436","29/04/2017"
"P","29/04/2017"
"Tempestade de Areia","26/04/2017"
"3096 Dias","26/04/2017"
"Secuestro","25/04/2017"
"Final Girl","25/04/2017"
"The Forest","25/04/2017"
"Alma perdida","23/04/2017"
"A Nona Vida de Louis Drax","23/04/2017"
"Delírio","21/04/2017"
"Lavender","18/04/2017"
"Mal Intencionados","15/04/2017"
"Peles","15/04/2017"
"Entre Idas e Vindas","15/04/2017"
"Conexão Mortal","14/04/2017"
"Anomalia – Corrida Contra a Vida","14/04/2017"
"Felipe Neto - Minha Vida Não Faz Sentido","14/04/2017"
"O garoto da casa ao lado","14/04/2017"
"Refém do Medo","13/04/2017"
"Sequestro em Cleveland","12/04/2017"
"Bem-vindo a Marly-Gomont","09/04/2017"
"100 Metros","02/04/2017"
"The Fundamentals of Caring","02/04/2017"
"3%: Temporada 1: Capítulo 08: Botão","01/04/2017"
"Stranger Things: Capítulo sete: A banheira","12/03/2017"
"Stranger Things: Capítulo seis: O monstro","12/03/2017"
"Stranger Things: Capítulo cinco: A pulga e o acrobata","12/03/2017"
"Stranger Things: Capítulo quatro: O corpo","12/03/2017"
"Stranger Things: Capítulo três: Caramba","12/03/2017"
"Stranger Things: Capítulo dois: A estranha da Maple Street","12/03/2017"
"Stranger Things: Capítulo um: O desaparecimento de Will Byers","12/03/2017"
"Deus Não Está Morto","12/03/2017"
"Mãos talentosas: A história de Ben Carson","11/03/2017"
"Fruitvale Station","11/03/2017"
"Black Mirror: Temporada 2: Natal","06/03/2017"
"Incondicional","06/03/2017"
"A boa mentira","04/03/2017"
"Ultimate Beastmaster Brasil: No Mercy: Domando a Fera","26/02/2017"
"Black Mirror: Temporada 2: Urso branco","26/02/2017"
